[{"rate_ticker":"USFS043","rate_type":"FORWARD","rate":2.885,"postdt":"2022-08-31","applid":"BOOLMBERG","entity":"aa","createdt":"2022-08-31","updatedt":"2022-08-31","ccy_code":"bb","rate_refresh_date":"2022-08-31","rate_ticker_desc":"cc","create_ts":"2022-09-01 08:03:27","created_by":"dd"},{"rate_ticker":"USFS044","rate_type":"FORWARD","rate":2.885,"postdt":"2022-08-31","applid":"BOOLMBERG","entity":"aa","createdt":"2022-08-31","updatedt":"2022-08-31","ccy_code":"bb","rate_refresh_date":"2022-08-31","rate_ticker_desc":"cc","create_ts":"2022-09-01 08:55:42","created_by":"dd"},{"rate_ticker":"USFS045","rate_type":"FORWARD","rate":2.885,"postdt":"2022-08-31","applid":"BOOLMBERG","entity":"aa","createdt":"2022-08-31","updatedt":"2022-08-31","ccy_code":"bb","rate_refresh_date":"2022-08-31","rate_ticker_desc":"cc","create_ts":"2022-09-01 08:55:50","created_by":"dd"},{"rate_ticker":"USFS046","rate_type":"FORWARD","rate":2.885,"postdt":"2022-08-31","applid":"DOWJONES","entity":"aa","createdt":"2022-08-31","updatedt":"2022-08-31","ccy_code":"bb","rate_refresh_date":"2022-08-31","rate_ticker_desc":"cc","create_ts":"2022-09-01 08:55:56","created_by":"dd"},{"rate_ticker":"USFS047","rate_type":"FORWARD","rate":2.885,"postdt":"2022-08-31","applid":"DOWJONES","entity":"aa","createdt":"2022-08-31","updatedt":"2022-08-31","ccy_code":"bb","rate_refresh_date":"2022-08-31","rate_ticker_desc":"cc","create_ts":"2022-09-01 08:56:02","created_by":"dd"}]